{
  "timestamp": "20251231_032409",
  "xgboost": {
    "model": "XGBoost",
    "auc_roc": 0.9964477628876608,
    "auc_pr": 0.9207680733858812,
    "precision": 0.35296149197029875,
    "recall": 0.9529137529137529,
    "f1": 0.5151209677419355,
    "tn": 549827,
    "fp": 3747,
    "fn": 101,
    "tp": 2044,
    "specificity": 0.9932312572483534,
    "false_positive_rate": 0.006768742751646573
  },
  "gnn": {
    "model": "GNN",
    "auc_roc": 0.4891291426090748,
    "auc_pr": 0.0036940389223236833,
    "precision": 0.0017341040462427746,
    "recall": 0.0013986013986013986,
    "f1": 0.0015483870967741935,
    "tn": 551847,
    "fp": 1727,
    "fn": 2142,
    "tp": 3,
    "specificity": 0.9968802725561533,
    "false_positive_rate": 0.0031197274438467125
  },
  "error_analysis": {
    "total_samples": 555719,
    "total_fraud": 2145,
    "total_legit": 553574,
    "xgboost_false_negatives": 101,
    "xgboost_false_positives": 3747,
    "gnn_false_negatives": 2142,
    "gnn_false_positives": 1727,
    "disagreement_count": 7479,
    "disagreement_rate": 0.01345824058561971,
    "both_wrong": 119,
    "xgb_better": 3750,
    "gnn_better": 3729,
    "both_right": 548121
  },
  "summary": {
    "winner_auc": "XGBoost",
    "winner_f1": "XGBoost",
    "winner_recall": "XGBoost",
    "winner_precision": "XGBoost"
  }
}