{
  "val_auc": 0.9989652548861455,
  "val_ap": 0.9645532360798821,
  "val_precision": 0.976425855513308,
  "val_recall": 0.8554297135243171,
  "val_f1": 0.9119318181818182,
  "val_tn": 257803,
  "val_fp": 31,
  "val_fn": 217,
  "val_tp": 1284,
  "test_auc": 0.9964477628876608,
  "test_ap": 0.9207680733858812,
  "test_precision": 0.9222797927461139,
  "test_recall": 0.8298368298368298,
  "test_f1": 0.8736196319018404,
  "test_tn": 553424,
  "test_fp": 150,
  "test_fn": 365,
  "test_tp": 1780,
  "optimal_threshold": 0.9630523920059204,
  "timestamp": "20251229_220403"
}