{
  "script_name": "train_xgboost",
  "run_id": "20251229_215658",
  "start_time": "2025-12-29T21:56:58.634460",
  "parameters": {
    "val_size": 0.2,
    "target_recall": 0.85,
    "default_threshold": 0.5,
    "smote_sampling_strategy": 0.3,
    "xgb_max_depth": 6,
    "xgb_n_estimators": 200,
    "xgb_scale_pos_weight": 10
  },
  "metrics": {
    "final_test_auc": 0.9964477628876608,
    "final_test_recall": 0.8298368298368298,
    "final_test_precision": 0.9222797927461139,
    "final_test_f1": 0.8736196319018404,
    "optimal_threshold": 